campaign_id,campaign_name,campaign_status,advertising_channel_type,campaign_type,impressions,clicks,cost,conversions,cpa,conversions_value,conversions_value_per_cost,ctr,average_cpc,search_impression_share,search_budget_lost_impression_share,search_rank_lost_impression_share,search_top_impression_share,search_absolute_top_impression_share,search_click_share,constraint_type,constraint_recommendation,constraint_reason
23643156718,WG_PMax | Portfólio Geral | bd,ENABLED,PERFORMANCE_MAX,BRANDED,947726,15837,11110.36,1305.629649,8.51,126153.477545324,11.354582340257817,0.016710526038116503,0.7015443737450274,0.3282714433900368,0.0009639949710984778,0.6707645616388648,0.0,0.0,0.4511273715078888,HEAVILY_RANK_LIMITED,"Melhorar Ad Rank: tROAS/lance, qualidade, relevância, landing e estrutura","A principal trava é rank, não orçamento."
23197909841,WG_Search | Soluções | nbd,ENABLED,SEARCH,SEARCH_NON_BRANDED,99391,4173,6357.72,126.405144,50.3,12167.333113424,1.9137879204484833,0.041985692869575715,1.5235376968607717,0.0999,0.07936979778773219,0.9001,0.0999,0.0999,0.0999,HEAVILY_RANK_LIMITED,"Melhorar Ad Rank: tROAS/lance, qualidade, relevância, landing e estrutura","A principal trava é rank, não orçamento."
21852333306,WG_Search | Institucional | bd,ENABLED,SEARCH,BRANDED,128546,31231,12121.62,2919.786553,4.15,304981.311794893,25.160104777228568,0.24295582904174381,0.38812792673945756,0.6315267559625803,0.0016114096553333285,0.36686183438208636,0.5706765764516059,0.5387642459242602,0.7231189064821729,RANK_LIMITED,"Revisar competitividade, qualidade, match type, copy e landing",Há perda relevante por rank.
23631280018,WG_demand gen | youtube | produtos validados | bd,ENABLED,DEMAND_GEN,BRANDED,4117558,47121,39928.36,1712.057262,23.32,140700.76989871,3.523830091869855,0.011443918944189736,0.8473581589100402,0.0,0.0,0.0,0.0,0.0,0.0,HEALTHY_OR_NO_CLEAR_CONSTRAINT,Monitorar; não há gargalo claro de orçamento/rank,Sem perda relevante por orçamento ou rank no período.
13224759599,KOKESHI GERAL,REMOVED,SMART,SMART,0,0,0.0,0.0,,0.0,0.0,0.0,0.0,0.0,0.0,0.0,0.0,0.0,0.0,HEALTHY_OR_NO_CLEAR_CONSTRAINT,Monitorar; não há gargalo claro de orçamento/rank,Sem perda relevante por orçamento ou rank no período.
13699590404,Vídeo Conversões – Joyce - porcenana - gueixa,REMOVED,VIDEO,VIDEO,0,0,0.0,0.0,,0.0,0.0,0.0,0.0,0.0,0.0,0.0,0.0,0.0,0.0,HEALTHY_OR_NO_CLEAR_CONSTRAINT,Monitorar; não há gargalo claro de orçamento/rank,Sem perda relevante por orçamento ou rank no período.
14079738455,VISITAS AO SITE KBEAUT,PAUSED,SEARCH,SEARCH_NON_BRANDED,0,0,0.0,0.0,,0.0,0.0,0.0,0.0,0.0,0.0,0.0,0.0,0.0,0.0,HEALTHY_OR_NO_CLEAR_CONSTRAINT,Monitorar; não há gargalo claro de orçamento/rank,Sem perda relevante por orçamento ou rank no período.
14461711836,Conversão_Porcelana,REMOVED,SEARCH,SEARCH_NON_BRANDED,0,0,0.0,0.0,,0.0,0.0,0.0,0.0,0.0,0.0,0.0,0.0,0.0,0.0,HEALTHY_OR_NO_CLEAR_CONSTRAINT,Monitorar; não há gargalo claro de orçamento/rank,Sem perda relevante por orçamento ou rank no período.
14462638215,Conversão_Chamego,REMOVED,SEARCH,SEARCH_NON_BRANDED,0,0,0.0,0.0,,0.0,0.0,0.0,0.0,0.0,0.0,0.0,0.0,0.0,0.0,HEALTHY_OR_NO_CLEAR_CONSTRAINT,Monitorar; não há gargalo claro de orçamento/rank,Sem perda relevante por orçamento ou rank no período.
14463940240,Conversão_Gueixa,REMOVED,SEARCH,SEARCH_NON_BRANDED,0,0,0.0,0.0,,0.0,0.0,0.0,0.0,0.0,0.0,0.0,0.0,0.0,0.0,HEALTHY_OR_NO_CLEAR_CONSTRAINT,Monitorar; não há gargalo claro de orçamento/rank,Sem perda relevante por orçamento ou rank no período.
14487362376,Conversão_Porcelana_Rosa_Mosqueta_Sp,REMOVED,SEARCH,SEARCH_NON_BRANDED,0,0,0.0,0.0,,0.0,0.0,0.0,0.0,0.0,0.0,0.0,0.0,0.0,0.0,HEALTHY_OR_NO_CLEAR_CONSTRAINT,Monitorar; não há gargalo claro de orçamento/rank,Sem perda relevante por orçamento ou rank no período.
14967654182,ROSA MOSQUETA MERCADOSHOP,REMOVED,SEARCH,SEARCH_NON_BRANDED,0,0,0.0,0.0,,0.0,0.0,0.0,0.0,0.0,0.0,0.0,0.0,0.0,0.0,HEALTHY_OR_NO_CLEAR_CONSTRAINT,Monitorar; não há gargalo claro de orçamento/rank,Sem perda relevante por orçamento ou rank no período.
15552726169,campanha_serum,PAUSED,SEARCH,SEARCH_NON_BRANDED,0,0,0.0,0.0,,0.0,0.0,0.0,0.0,0.0,0.0,0.0,0.0,0.0,0.0,HEALTHY_OR_NO_CLEAR_CONSTRAINT,Monitorar; não há gargalo claro de orçamento/rank,Sem perda relevante por orçamento ou rank no período.
16727342794,WOLF - [CP1] [31/03] [SEARCH] [SKAG],PAUSED,SEARCH,SEARCH_NON_BRANDED,0,0,0.0,0.0,,0.0,0.0,0.0,0.0,0.0,0.0,0.0,0.0,0.0,0.0,HEALTHY_OR_NO_CLEAR_CONSTRAINT,Monitorar; não há gargalo claro de orçamento/rank,Sem perda relevante por orçamento ou rank no período.
16728897331,WOLF - [CP2] [31/03] [MAX. PEFORM],PAUSED,PERFORMANCE_MAX,PERFORMANCE_MAX,0,0,0.0,0.0,,0.0,0.0,0.0,0.0,0.0,0.0,0.0,0.0,0.0,0.0,HEALTHY_OR_NO_CLEAR_CONSTRAINT,Monitorar; não há gargalo claro de orçamento/rank,Sem perda relevante por orçamento ou rank no período.
16770727810,WOLF - [CP2] [04/03] [MAX. PEFORM],PAUSED,PERFORMANCE_MAX,PERFORMANCE_MAX,0,0,0.0,0.0,,0.0,0.0,0.0,0.0,0.0,0.0,0.0,0.0,0.0,0.0,HEALTHY_OR_NO_CLEAR_CONSTRAINT,Monitorar; não há gargalo claro de orçamento/rank,Sem perda relevante por orçamento ou rank no período.
19566994028,Palavras_chave_kokeshi,REMOVED,SEARCH,SEARCH_NON_BRANDED,0,0,0.0,0.0,,0.0,0.0,0.0,0.0,0.0,0.0,0.0,0.0,0.0,0.0,HEALTHY_OR_NO_CLEAR_CONSTRAINT,Monitorar; não há gargalo claro de orçamento/rank,Sem perda relevante por orçamento ou rank no período.
20242754866,campanha_pesquisa_2023_01,PAUSED,SEARCH,SEARCH_NON_BRANDED,0,0,0.0,0.0,,0.0,0.0,0.0,0.0,0.0,0.0,0.0,0.0,0.0,0.0,HEALTHY_OR_NO_CLEAR_CONSTRAINT,Monitorar; não há gargalo claro de orçamento/rank,Sem perda relevante por orçamento ou rank no período.
20270549975,Venda_junho_2023,REMOVED,SEARCH,SEARCH_NON_BRANDED,0,0,0.0,0.0,,0.0,0.0,0.0,0.0,0.0,0.0,0.0,0.0,0.0,0.0,HEALTHY_OR_NO_CLEAR_CONSTRAINT,Monitorar; não há gargalo claro de orçamento/rank,Sem perda relevante por orçamento ou rank no período.
20487212621,DWUP - [CP1] [SEARCH],REMOVED,SEARCH,SEARCH_NON_BRANDED,0,0,0.0,0.0,,0.0,0.0,0.0,0.0,0.0,0.0,0.0,0.0,0.0,0.0,HEALTHY_OR_NO_CLEAR_CONSTRAINT,Monitorar; não há gargalo claro de orçamento/rank,Sem perda relevante por orçamento ou rank no período.
20701629504,pesquisa_koke_geral_25_10_23,REMOVED,SEARCH,SEARCH_NON_BRANDED,0,0,0.0,0.0,,0.0,0.0,0.0,0.0,0.0,0.0,0.0,0.0,0.0,0.0,HEALTHY_OR_NO_CLEAR_CONSTRAINT,Monitorar; não há gargalo claro de orçamento/rank,Sem perda relevante por orçamento ou rank no período.
21043955442,Search Kokeshi - Termos Produtos - Brasil,PAUSED,SEARCH,SEARCH_NON_BRANDED,0,0,0.0,0.0,,0.0,0.0,0.0,0.0,0.0,0.0,0.0,0.0,0.0,0.0,HEALTHY_OR_NO_CLEAR_CONSTRAINT,Monitorar; não há gargalo claro de orçamento/rank,Sem perda relevante por orçamento ou rank no período.
21575776496,🐺 Wolf - [CP5] - [Vendas] - [Search]  - [Institucional] - [Brasil] - [12/08/2024],PAUSED,SEARCH,BRANDED,0,0,0.0,0.0,,0.0,0.0,0.0,0.0,0.0,0.0,0.0,0.0,0.0,0.0,HEALTHY_OR_NO_CLEAR_CONSTRAINT,Monitorar; não há gargalo claro de orçamento/rank,Sem perda relevante por orçamento ou rank no período.
21859040524,shopping-institucional,PAUSED,SHOPPING,BRANDED,0,0,0.0,0.0,,0.0,0.0,0.0,0.0,0.0,0.0,0.0,0.0,0.0,0.0,HEALTHY_OR_NO_CLEAR_CONSTRAINT,Monitorar; não há gargalo claro de orçamento/rank,Sem perda relevante por orçamento ou rank no período.
21912086858,Shopping | Brand,PAUSED,SHOPPING,BRANDED,0,0,0.0,0.0,,0.0,0.0,0.0,0.0,0.0,0.0,0.0,0.0,0.0,0.0,HEALTHY_OR_NO_CLEAR_CONSTRAINT,Monitorar; não há gargalo claro de orçamento/rank,Sem perda relevante por orçamento ou rank no período.
22127871987,Pesquisa | Pele de Porcelana | NB,PAUSED,SEARCH,SEARCH_NON_BRANDED,0,0,0.0,0.0,,0.0,0.0,0.0,0.0,0.0,0.0,0.0,0.0,0.0,0.0,HEALTHY_OR_NO_CLEAR_CONSTRAINT,Monitorar; não há gargalo claro de orçamento/rank,Sem perda relevante por orçamento ou rank no período.
22177026416,Pesquisa | Skincare Coreano | NB,PAUSED,SEARCH,SEARCH_NON_BRANDED,0,0,0.0,0.0,,0.0,0.0,0.0,0.0,0.0,0.0,0.0,0.0,0.0,0.0,HEALTHY_OR_NO_CLEAR_CONSTRAINT,Monitorar; não há gargalo claro de orçamento/rank,Sem perda relevante por orçamento ou rank no período.
22177029272,Pesquisa | Cremes Coreanos | NB,PAUSED,SEARCH,SEARCH_NON_BRANDED,0,0,0.0,0.0,,0.0,0.0,0.0,0.0,0.0,0.0,0.0,0.0,0.0,0.0,HEALTHY_OR_NO_CLEAR_CONSTRAINT,Monitorar; não há gargalo claro de orçamento/rank,Sem perda relevante por orçamento ou rank no período.
22313538605,Pesquisa | Óleo de Rosa Mosqueta | NB,PAUSED,SEARCH,SEARCH_NON_BRANDED,0,0,0.0,0.0,,0.0,0.0,0.0,0.0,0.0,0.0,0.0,0.0,0.0,0.0,HEALTHY_OR_NO_CLEAR_CONSTRAINT,Monitorar; não há gargalo claro de orçamento/rank,Sem perda relevante por orçamento ou rank no período.
22411395984,pesquisa-nb-pele-porcelana,PAUSED,SEARCH,SEARCH_NON_BRANDED,0,0,0.0,0.0,,0.0,0.0,0.0,0.0,0.0,0.0,0.0,0.0,0.0,0.0,HEALTHY_OR_NO_CLEAR_CONSTRAINT,Monitorar; não há gargalo claro de orçamento/rank,Sem perda relevante por orçamento ou rank no período.
22430127991,Pesquisa | Blog | NB,PAUSED,SEARCH,SEARCH_NON_BRANDED,0,0,0.0,0.0,,0.0,0.0,0.0,0.0,0.0,0.0,0.0,0.0,0.0,0.0,HEALTHY_OR_NO_CLEAR_CONSTRAINT,Monitorar; não há gargalo claro de orçamento/rank,Sem perda relevante por orçamento ou rank no período.
22870230380,Pesquisa | Sérum | NB,PAUSED,SEARCH,SEARCH_NON_BRANDED,0,0,0.0,0.0,,0.0,0.0,0.0,0.0,0.0,0.0,0.0,0.0,0.0,0.0,HEALTHY_OR_NO_CLEAR_CONSTRAINT,Monitorar; não há gargalo claro de orçamento/rank,Sem perda relevante por orçamento ou rank no período.
22870253747,Pesquisa | Colágeno | NB,PAUSED,SEARCH,SEARCH_NON_BRANDED,0,0,0.0,0.0,,0.0,0.0,0.0,0.0,0.0,0.0,0.0,0.0,0.0,0.0,HEALTHY_OR_NO_CLEAR_CONSTRAINT,Monitorar; não há gargalo claro de orçamento/rank,Sem perda relevante por orçamento ou rank no período.
23010619156,Pesquisa | NB | DSA,PAUSED,SEARCH,SEARCH_NON_BRANDED,0,0,0.0,0.0,,0.0,0.0,0.0,0.0,0.0,0.0,0.0,0.0,0.0,0.0,HEALTHY_OR_NO_CLEAR_CONSTRAINT,Monitorar; não há gargalo claro de orçamento/rank,Sem perda relevante por orçamento ou rank no período.
23056118848,perf-max-nb-body-splash,PAUSED,PERFORMANCE_MAX,PERFORMANCE_MAX,0,0,0.0,0.0,,0.0,0.0,0.0,0.0,0.0,0.0,0.0,0.0,0.0,0.0,HEALTHY_OR_NO_CLEAR_CONSTRAINT,Monitorar; não há gargalo claro de orçamento/rank,Sem perda relevante por orçamento ou rank no período.
23174106124,Pesquisa | NB | Pele Oleosa,PAUSED,SEARCH,SEARCH_NON_BRANDED,0,0,0.0,0.0,,0.0,0.0,0.0,0.0,0.0,0.0,0.0,0.0,0.0,0.0,HEALTHY_OR_NO_CLEAR_CONSTRAINT,Monitorar; não há gargalo claro de orçamento/rank,Sem perda relevante por orçamento ou rank no período.
23174153725,Pesquisa | NB | Rugas e Linha,PAUSED,SEARCH,SEARCH_NON_BRANDED,0,0,0.0,0.0,,0.0,0.0,0.0,0.0,0.0,0.0,0.0,0.0,0.0,0.0,HEALTHY_OR_NO_CLEAR_CONSTRAINT,Monitorar; não há gargalo claro de orçamento/rank,Sem perda relevante por orçamento ou rank no período.
23308343204,perf-max-nb-renovadores,PAUSED,PERFORMANCE_MAX,PERFORMANCE_MAX,0,0,0.0,0.0,,0.0,0.0,0.0,0.0,0.0,0.0,0.0,0.0,0.0,0.0,HEALTHY_OR_NO_CLEAR_CONSTRAINT,Monitorar; não há gargalo claro de orçamento/rank,Sem perda relevante por orçamento ou rank no período.
23489603212,pesquisa-nb-skincare,PAUSED,SEARCH,SEARCH_NON_BRANDED,0,0,0.0,0.0,,0.0,0.0,0.0,0.0,0.0,0.0,0.0,0.0,0.0,0.0,HEALTHY_OR_NO_CLEAR_CONSTRAINT,Monitorar; não há gargalo claro de orçamento/rank,Sem perda relevante por orçamento ou rank no período.
23531631355,WG_Pmax | Best Sellers | nbd,ENABLED,PERFORMANCE_MAX,PMAX,1659021,30182,17284.33,1993.932134,8.67,187510.011151875,10.848554429440213,0.018192656994697475,0.5726701845139487,0.40709248766966943,0.0006970203399502711,0.5922104919903803,0.0,0.0,0.3520613114285048,NON_SEARCH_HEALTHY,Monitorar via conversões e ROAS,Campanha PMAX: sem restrição identificável. IS de Search não se aplica.
23579319065,WG_Shopping | Best Sellers | nbd,ENABLED,SHOPPING,SHOPPING,1307674,14486,10964.24,424.773829,25.81,40242.172805431,3.670311193975232,0.011077684499347696,0.7568852685351374,0.410798120903341,0.12166789387966512,0.46753398521699385,0.0,0.0999,0.1489910069686989,NON_SEARCH_HEALTHY,Monitorar via conversões e ROAS,Campanha SHOPPING: sem restrição identificável. IS de Search não se aplica.
22288052600,WG_Shopping | Portfólio Geral | nbd,ENABLED,SHOPPING,SHOPPING,707737,6323,4480.55,161.827831,27.69,14517.015166995,3.2400074024383163,0.008934109704593655,0.7086114186303969,0.2717972614176362,0.001984283003023993,0.7262184555793397,0.0,0.0999,0.1499284690584234,NON_SEARCH_HEALTHY,Monitorar via conversões e ROAS,Campanha SHOPPING: sem restrição identificável. IS de Search não se aplica.
23721614389,WG_Display | Best seller | nbd,ENABLED,DISPLAY,DISPLAY,98729,15113,2234.13,39.90347,55.99,3727.69839066,1.6685225912338282,0.15307559075854105,0.1478284395553497,0.0,0.0,0.0,0.0,0.0,0.0,NON_SEARCH_LOW_EFFICIENCY,Revisar CPA e ROAS — métricas de IS de Search não se aplicam,Campanha DISPLAY: sem conversão ou CPA alto. IS de Search não disponível para este tipo.
14411938493,Campanha Shopping,REMOVED,SHOPPING,SHOPPING,0,0,0.0,0.0,,0.0,0.0,0.0,0.0,0.0,0.0,0.0,0.0,0.0,0.0,NON_SEARCH_HEALTHY,Monitorar via conversões e ROAS,Campanha SHOPPING: sem restrição identificável. IS de Search não se aplica.
14835934991,kokeshi shopping,REMOVED,SHOPPING,SHOPPING,0,0,0.0,0.0,,0.0,0.0,0.0,0.0,0.0,0.0,0.0,0.0,0.0,0.0,NON_SEARCH_HEALTHY,Monitorar via conversões e ROAS,Campanha SHOPPING: sem restrição identificável. IS de Search não se aplica.
15761406855,Display_Performance,PAUSED,PERFORMANCE_MAX,PMAX,0,0,0.0,0.0,,0.0,0.0,0.0,0.0,0.0,0.0,0.0,0.0,0.0,0.0,NON_SEARCH_HEALTHY,Monitorar via conversões e ROAS,Campanha PMAX: sem restrição identificável. IS de Search não se aplica.
16968900221,🐺 WOLF - [18/04] [SALES] [SHOPPING PADRÃO] [MAX. CLIQUES] - TODOS OS PRODUTOS,PAUSED,SHOPPING,SHOPPING,0,0,0.0,0.0,,0.0,0.0,0.0,0.0,0.0,0.0,0.0,0.0,0.0,0.0,NON_SEARCH_HEALTHY,Monitorar via conversões e ROAS,Campanha SHOPPING: sem restrição identificável. IS de Search não se aplica.
17552417735,🐺WOLF - [CP3] - [21/06] - [VIDEO ROTINA SKIN CARE JOYCE],REMOVED,VIDEO,DEMAND_GEN_VIDEO,0,0,0.0,0.0,,0.0,0.0,0.0,0.0,0.0,0.0,0.0,0.0,0.0,0.0,NON_SEARCH_HEALTHY,Monitorar via conversões e ROAS,Campanha DEMAND_GEN_VIDEO: sem restrição identificável. IS de Search não se aplica.
18292161579,PMax: kokeshi shopping,PAUSED,PERFORMANCE_MAX,PMAX,0,0,0.0,0.0,,0.0,0.0,0.0,0.0,0.0,0.0,0.0,0.0,0.0,0.0,NON_SEARCH_HEALTHY,Monitorar via conversões e ROAS,Campanha PMAX: sem restrição identificável. IS de Search não se aplica.
19536264897,videos_novotel_kokeshi,REMOVED,VIDEO,DEMAND_GEN_VIDEO,0,0,0.0,0.0,,0.0,0.0,0.0,0.0,0.0,0.0,0.0,0.0,0.0,0.0,NON_SEARCH_HEALTHY,Monitorar via conversões e ROAS,Campanha DEMAND_GEN_VIDEO: sem restrição identificável. IS de Search não se aplica.
19659888958,Sales-Display-1,PAUSED,DISPLAY,DISPLAY,0,0,0.0,0.0,,0.0,0.0,0.0,0.0,0.0,0.0,0.0,0.0,0.0,0.0,NON_SEARCH_HEALTHY,Monitorar via conversões e ROAS,Campanha DISPLAY: sem restrição identificável. IS de Search não se aplica.
19661381730,Performance Max-8 - shopping inicial,PAUSED,PERFORMANCE_MAX,PMAX,0,0,0.0,0.0,,0.0,0.0,0.0,0.0,0.0,0.0,0.0,0.0,0.0,0.0,NON_SEARCH_HEALTHY,Monitorar via conversões e ROAS,Campanha PMAX: sem restrição identificável. IS de Search não se aplica.
20701822299,display_koke_geral,REMOVED,DISPLAY,DISPLAY,0,0,0.0,0.0,,0.0,0.0,0.0,0.0,0.0,0.0,0.0,0.0,0.0,0.0,NON_SEARCH_HEALTHY,Monitorar via conversões e ROAS,Campanha DISPLAY: sem restrição identificável. IS de Search não se aplica.
20708143328,perform_max_koke_25_10_23,PAUSED,PERFORMANCE_MAX,PMAX,0,0,0.0,0.0,,0.0,0.0,0.0,0.0,0.0,0.0,0.0,0.0,0.0,0.0,NON_SEARCH_HEALTHY,Monitorar via conversões e ROAS,Campanha PMAX: sem restrição identificável. IS de Search não se aplica.
20711905804,shopping_display_koke_25_10_23,REMOVED,DISPLAY,SHOPPING,0,0,0.0,0.0,,0.0,0.0,0.0,0.0,0.0,0.0,0.0,0.0,0.0,0.0,NON_SEARCH_HEALTHY,Monitorar via conversões e ROAS,Campanha SHOPPING: sem restrição identificável. IS de Search não se aplica.
20739745144,pmax_black_2023(google),PAUSED,PERFORMANCE_MAX,PMAX,0,0,0.0,0.0,,0.0,0.0,0.0,0.0,0.0,0.0,0.0,0.0,0.0,0.0,NON_SEARCH_HEALTHY,Monitorar via conversões e ROAS,Campanha PMAX: sem restrição identificável. IS de Search não se aplica.
21049464863,PMax - Novo Site - Produtos Unitários - Sul e Sudeste,PAUSED,PERFORMANCE_MAX,PMAX,0,0,0.0,0.0,,0.0,0.0,0.0,0.0,0.0,0.0,0.0,0.0,0.0,0.0,NON_SEARCH_HEALTHY,Monitorar via conversões e ROAS,Campanha PMAX: sem restrição identificável. IS de Search não se aplica.
21251194268,Shopping,PAUSED,SHOPPING,SHOPPING,0,0,0.0,0.0,,0.0,0.0,0.0,0.0,0.0,0.0,0.0,0.0,0.0,0.0,NON_SEARCH_HEALTHY,Monitorar via conversões e ROAS,Campanha SHOPPING: sem restrição identificável. IS de Search não se aplica.
21558012452,🐺 Wolf - [CP3] - [Vendas] - [Performance Máxima] - [Produtos Curva A] - Kits] - [Sul e Sudeste] - [08/08/2024],PAUSED,PERFORMANCE_MAX,PMAX,0,0,0.0,0.0,,0.0,0.0,0.0,0.0,0.0,0.0,0.0,0.0,0.0,0.0,NON_SEARCH_HEALTHY,Monitorar via conversões e ROAS,Campanha PMAX: sem restrição identificável. IS de Search não se aplica.
21575741642,🐺 Wolf - [CP4] - [Vendas] - [Display]  - [Brasil] - [12/08/2024],PAUSED,DISPLAY,DISPLAY,0,0,0.0,0.0,,0.0,0.0,0.0,0.0,0.0,0.0,0.0,0.0,0.0,0.0,NON_SEARCH_HEALTHY,Monitorar via conversões e ROAS,Campanha DISPLAY: sem restrição identificável. IS de Search não se aplica.
21603409881,🐺 Wolf - [CP6] - [Vendas] - [Geração De Demanda] - [Lançamento] - [Brasil] - [20/08/2024],PAUSED,DEMAND_GEN,DEMAND_GEN_VIDEO,0,0,0.0,0.0,,0.0,0.0,0.0,0.0,0.0,0.0,0.0,0.0,0.0,0.0,NON_SEARCH_HEALTHY,Monitorar via conversões e ROAS,Campanha DEMAND_GEN_VIDEO: sem restrição identificável. IS de Search não se aplica.
21745618716,🐺 Wolf - [CP7] - [Alcance] - [Geração De Demanda] - [Todos Os Produtos] - [Brasil] - [26/09/2024],PAUSED,DEMAND_GEN,DEMAND_GEN_VIDEO,0,0,0.0,0.0,,0.0,0.0,0.0,0.0,0.0,0.0,0.0,0.0,0.0,0.0,NON_SEARCH_HEALTHY,Monitorar via conversões e ROAS,Campanha DEMAND_GEN_VIDEO: sem restrição identificável. IS de Search não se aplica.
21745667490,🐺 Wolf - [CP6] - [Vendas] - [Performance Máxima] -  [Todos Os Produtos] - [Brasil] - [26/09/2024],PAUSED,PERFORMANCE_MAX,PMAX,0,0,0.0,0.0,,0.0,0.0,0.0,0.0,0.0,0.0,0.0,0.0,0.0,0.0,NON_SEARCH_HEALTHY,Monitorar via conversões e ROAS,Campanha PMAX: sem restrição identificável. IS de Search não se aplica.
21755902732,🐺 Wolf - [CP8] - [Vendas] - [Display] - [Remarketing] - [Brasil] - [26/09/2024],PAUSED,PERFORMANCE_MAX,DISPLAY,0,0,0.0,0.0,,0.0,0.0,0.0,0.0,0.0,0.0,0.0,0.0,0.0,0.0,NON_SEARCH_HEALTHY,Monitorar via conversões e ROAS,Campanha DISPLAY: sem restrição identificável. IS de Search não se aplica.
21852337602,Performance Max,PAUSED,PERFORMANCE_MAX,PMAX,0,0,0.0,0.0,,0.0,0.0,0.0,0.0,0.0,0.0,0.0,0.0,0.0,0.0,NON_SEARCH_HEALTHY,Monitorar via conversões e ROAS,Campanha PMAX: sem restrição identificável. IS de Search não se aplica.
22137928450,Performance Max | NB,PAUSED,PERFORMANCE_MAX,PMAX,0,0,0.0,0.0,,0.0,0.0,0.0,0.0,0.0,0.0,0.0,0.0,0.0,0.0,NON_SEARCH_HEALTHY,Monitorar via conversões e ROAS,Campanha PMAX: sem restrição identificável. IS de Search não se aplica.
22177000769,Shopping | NB | Body Splash,PAUSED,SHOPPING,SHOPPING,0,0,0.0,0.0,,0.0,0.0,0.0,0.0,0.0,0.0,0.0,0.0,0.0,0.0,NON_SEARCH_HEALTHY,Monitorar via conversões e ROAS,Campanha SHOPPING: sem restrição identificável. IS de Search não se aplica.
22347564144,Demand Gen | Remarketing,PAUSED,DEMAND_GEN,DEMAND_GEN_VIDEO,0,0,0.0,0.0,,0.0,0.0,0.0,0.0,0.0,0.0,0.0,0.0,0.0,0.0,NON_SEARCH_HEALTHY,Monitorar via conversões e ROAS,Campanha DEMAND_GEN_VIDEO: sem restrição identificável. IS de Search não se aplica.
22421500033,demand-gen-youtube-body-splash,PAUSED,DEMAND_GEN,DEMAND_GEN_VIDEO,0,0,0.0,0.0,,0.0,0.0,0.0,0.0,0.0,0.0,0.0,0.0,0.0,0.0,NON_SEARCH_HEALTHY,Monitorar via conversões e ROAS,Campanha DEMAND_GEN_VIDEO: sem restrição identificável. IS de Search não se aplica.
22423544819,Demand Gen | Youtube | Body Splash,PAUSED,DEMAND_GEN,DEMAND_GEN_VIDEO,0,0,0.0,0.0,,0.0,0.0,0.0,0.0,0.0,0.0,0.0,0.0,0.0,0.0,NON_SEARCH_HEALTHY,Monitorar via conversões e ROAS,Campanha DEMAND_GEN_VIDEO: sem restrição identificável. IS de Search não se aplica.
22430860289,shopping-nb-renovadores,PAUSED,SHOPPING,SHOPPING,0,0,0.0,0.0,,0.0,0.0,0.0,0.0,0.0,0.0,0.0,0.0,0.0,0.0,NON_SEARCH_HEALTHY,Monitorar via conversões e ROAS,Campanha SHOPPING: sem restrição identificável. IS de Search não se aplica.
22475444780,Shopping | NB | Gota de Colágeno,PAUSED,SHOPPING,SHOPPING,0,0,0.0,0.0,,0.0,0.0,0.0,0.0,0.0,0.0,0.0,0.0,0.0,0.0,NON_SEARCH_HEALTHY,Monitorar via conversões e ROAS,Campanha SHOPPING: sem restrição identificável. IS de Search não se aplica.
22476074761,Shopping | NB | Beta,PAUSED,SHOPPING,SHOPPING,0,0,0.0,0.0,,0.0,0.0,0.0,0.0,0.0,0.0,0.0,0.0,0.0,0.0,NON_SEARCH_HEALTHY,Monitorar via conversões e ROAS,Campanha SHOPPING: sem restrição identificável. IS de Search não se aplica.
22478906071,Shopping | NB | Sérum Facial Tudo em Um,PAUSED,SHOPPING,SHOPPING,0,0,0.0,0.0,,0.0,0.0,0.0,0.0,0.0,0.0,0.0,0.0,0.0,0.0,NON_SEARCH_HEALTHY,Monitorar via conversões e ROAS,Campanha SHOPPING: sem restrição identificável. IS de Search não se aplica.
22530607635,Demand Gen | Youtube | Shorts | L2,PAUSED,DEMAND_GEN,DEMAND_GEN_VIDEO,0,0,0.0,0.0,,0.0,0.0,0.0,0.0,0.0,0.0,0.0,0.0,0.0,0.0,NON_SEARCH_HEALTHY,Monitorar via conversões e ROAS,Campanha DEMAND_GEN_VIDEO: sem restrição identificável. IS de Search não se aplica.
22540665115,Demand Gen | Youtube | Shorts | L1,PAUSED,DEMAND_GEN,DEMAND_GEN_VIDEO,0,0,0.0,0.0,,0.0,0.0,0.0,0.0,0.0,0.0,0.0,0.0,0.0,0.0,NON_SEARCH_HEALTHY,Monitorar via conversões e ROAS,Campanha DEMAND_GEN_VIDEO: sem restrição identificável. IS de Search não se aplica.
22576815014,Demand Gen | Youtube | Rosa + Booster,PAUSED,DEMAND_GEN,DEMAND_GEN_VIDEO,0,0,0.0,0.0,,0.0,0.0,0.0,0.0,0.0,0.0,0.0,0.0,0.0,0.0,NON_SEARCH_HEALTHY,Monitorar via conversões e ROAS,Campanha DEMAND_GEN_VIDEO: sem restrição identificável. IS de Search não se aplica.
22699558055,performance-max-nb-rosa-mosqueta,PAUSED,PERFORMANCE_MAX,PMAX,0,0,0.0,0.0,,0.0,0.0,0.0,0.0,0.0,0.0,0.0,0.0,0.0,0.0,NON_SEARCH_HEALTHY,Monitorar via conversões e ROAS,Campanha PMAX: sem restrição identificável. IS de Search não se aplica.
22721140262,Demand Gen | Youtube | Joyce (sem feed),PAUSED,DEMAND_GEN,DEMAND_GEN_VIDEO,0,0,0.0,0.0,,0.0,0.0,0.0,0.0,0.0,0.0,0.0,0.0,0.0,0.0,NON_SEARCH_HEALTHY,Monitorar via conversões e ROAS,Campanha DEMAND_GEN_VIDEO: sem restrição identificável. IS de Search não se aplica.
22748094628,Youtube | Joyce (sem feed),PAUSED,DEMAND_GEN,DEMAND_GEN_VIDEO,0,0,0.0,0.0,,0.0,0.0,0.0,0.0,0.0,0.0,0.0,0.0,0.0,0.0,NON_SEARCH_HEALTHY,Monitorar via conversões e ROAS,Campanha DEMAND_GEN_VIDEO: sem restrição identificável. IS de Search não se aplica.
22783045383,Performance Max | Best Sellers,PAUSED,PERFORMANCE_MAX,PMAX,0,0,0.0,0.0,,0.0,0.0,0.0,0.0,0.0,0.0,0.0,0.0,0.0,0.0,NON_SEARCH_HEALTHY,Monitorar via conversões e ROAS,Campanha PMAX: sem restrição identificável. IS de Search não se aplica.
22792577515,Demand Gen | Youtube | Pele de Porcelana,PAUSED,DEMAND_GEN,DEMAND_GEN_VIDEO,0,0,0.0,0.0,,0.0,0.0,0.0,0.0,0.0,0.0,0.0,0.0,0.0,0.0,NON_SEARCH_HEALTHY,Monitorar via conversões e ROAS,Campanha DEMAND_GEN_VIDEO: sem restrição identificável. IS de Search não se aplica.
22820062256,Demand Gen | NB | Youtube | Sérum,PAUSED,DEMAND_GEN,DEMAND_GEN_VIDEO,0,0,0.0,0.0,,0.0,0.0,0.0,0.0,0.0,0.0,0.0,0.0,0.0,0.0,NON_SEARCH_HEALTHY,Monitorar via conversões e ROAS,Campanha DEMAND_GEN_VIDEO: sem restrição identificável. IS de Search não se aplica.
22826165194,Shopping | Body Splash,PAUSED,SHOPPING,SHOPPING,0,0,0.0,0.0,,0.0,0.0,0.0,0.0,0.0,0.0,0.0,0.0,0.0,0.0,NON_SEARCH_HEALTHY,Monitorar via conversões e ROAS,Campanha SHOPPING: sem restrição identificável. IS de Search não se aplica.
22826169733,Shopping | Sérum,PAUSED,SHOPPING,SHOPPING,0,0,0.0,0.0,,0.0,0.0,0.0,0.0,0.0,0.0,0.0,0.0,0.0,0.0,NON_SEARCH_HEALTHY,Monitorar via conversões e ROAS,Campanha SHOPPING: sem restrição identificável. IS de Search não se aplica.
22870197527,Shopping | Creme Gel Facial,PAUSED,SHOPPING,SHOPPING,0,0,0.0,0.0,,0.0,0.0,0.0,0.0,0.0,0.0,0.0,0.0,0.0,0.0,NON_SEARCH_HEALTHY,Monitorar via conversões e ROAS,Campanha SHOPPING: sem restrição identificável. IS de Search não se aplica.
22943837405,Display | NB | Rmkt,PAUSED,DISPLAY,DISPLAY,0,0,0.0,0.0,,0.0,0.0,0.0,0.0,0.0,0.0,0.0,0.0,0.0,0.0,NON_SEARCH_HEALTHY,Monitorar via conversões e ROAS,Campanha DISPLAY: sem restrição identificável. IS de Search não se aplica.
23052101438,Performance Max | Gel Facial,PAUSED,PERFORMANCE_MAX,PMAX,0,0,0.0,0.0,,0.0,0.0,0.0,0.0,0.0,0.0,0.0,0.0,0.0,0.0,NON_SEARCH_HEALTHY,Monitorar via conversões e ROAS,Campanha PMAX: sem restrição identificável. IS de Search não se aplica.
23085757843,demand-gen-youtube-renovadores,PAUSED,DEMAND_GEN,DEMAND_GEN_VIDEO,0,0,0.0,0.0,,0.0,0.0,0.0,0.0,0.0,0.0,0.0,0.0,0.0,0.0,NON_SEARCH_HEALTHY,Monitorar via conversões e ROAS,Campanha DEMAND_GEN_VIDEO: sem restrição identificável. IS de Search não se aplica.
23229668156,performance-max-inst-full,PAUSED,PERFORMANCE_MAX,PMAX,0,0,0.0,0.0,,0.0,0.0,0.0,0.0,0.0,0.0,0.0,0.0,0.0,0.0,NON_SEARCH_HEALTHY,Monitorar via conversões e ROAS,Campanha PMAX: sem restrição identificável. IS de Search não se aplica.
23249597259,performance-max-nb-serum,PAUSED,PERFORMANCE_MAX,PMAX,0,0,0.0,0.0,,0.0,0.0,0.0,0.0,0.0,0.0,0.0,0.0,0.0,0.0,NON_SEARCH_HEALTHY,Monitorar via conversões e ROAS,Campanha PMAX: sem restrição identificável. IS de Search não se aplica.
23268554804,Youtube | CPM,PAUSED,VIDEO,DEMAND_GEN_VIDEO,0,0,0.0,0.0,,0.0,0.0,0.0,0.0,0.0,0.0,0.0,0.0,0.0,0.0,NON_SEARCH_HEALTHY,Monitorar via conversões e ROAS,Campanha DEMAND_GEN_VIDEO: sem restrição identificável. IS de Search não se aplica.
23291937789,demand-gen-youtube-renovadores-black,PAUSED,DEMAND_GEN,DEMAND_GEN_VIDEO,0,0,0.0,0.0,,0.0,0.0,0.0,0.0,0.0,0.0,0.0,0.0,0.0,0.0,NON_SEARCH_HEALTHY,Monitorar via conversões e ROAS,Campanha DEMAND_GEN_VIDEO: sem restrição identificável. IS de Search não se aplica.
23327236544,demand-gen-youtube-renovadores-roas,PAUSED,DEMAND_GEN,DEMAND_GEN_VIDEO,0,0,0.0,0.0,,0.0,0.0,0.0,0.0,0.0,0.0,0.0,0.0,0.0,0.0,NON_SEARCH_HEALTHY,Monitorar via conversões e ROAS,Campanha DEMAND_GEN_VIDEO: sem restrição identificável. IS de Search não se aplica.
23329470168,shopping-nb-skincare,PAUSED,SHOPPING,SHOPPING,0,0,0.0,0.0,,0.0,0.0,0.0,0.0,0.0,0.0,0.0,0.0,0.0,0.0,NON_SEARCH_HEALTHY,Monitorar via conversões e ROAS,Campanha SHOPPING: sem restrição identificável. IS de Search não se aplica.
23347442336,shopping-nb-anti-frizz,PAUSED,SHOPPING,SHOPPING,0,0,0.0,0.0,,0.0,0.0,0.0,0.0,0.0,0.0,0.0,0.0,0.0,0.0,NON_SEARCH_HEALTHY,Monitorar via conversões e ROAS,Campanha SHOPPING: sem restrição identificável. IS de Search não se aplica.
23347470842,demand-gen-nb-anti-frizz,PAUSED,DEMAND_GEN,DEMAND_GEN_VIDEO,0,0,0.0,0.0,,0.0,0.0,0.0,0.0,0.0,0.0,0.0,0.0,0.0,0.0,NON_SEARCH_HEALTHY,Monitorar via conversões e ROAS,Campanha DEMAND_GEN_VIDEO: sem restrição identificável. IS de Search não se aplica.
23479909182,shopping-nb-high-roas,PAUSED,SHOPPING,SHOPPING,0,0,0.0,0.0,,0.0,0.0,0.0,0.0,0.0,0.0,0.0,0.0,0.0,0.0,NON_SEARCH_HEALTHY,Monitorar via conversões e ROAS,Campanha SHOPPING: sem restrição identificável. IS de Search não se aplica.
23489994466,demand-gen-youtube-skincare,PAUSED,DEMAND_GEN,DEMAND_GEN_VIDEO,0,0,0.0,0.0,,0.0,0.0,0.0,0.0,0.0,0.0,0.0,0.0,0.0,0.0,NON_SEARCH_HEALTHY,Monitorar via conversões e ROAS,Campanha DEMAND_GEN_VIDEO: sem restrição identificável. IS de Search não se aplica.
23526897275,demand-gen-youtube-renovadores-a,PAUSED,DEMAND_GEN,DEMAND_GEN_VIDEO,0,0,0.0,0.0,,0.0,0.0,0.0,0.0,0.0,0.0,0.0,0.0,0.0,0.0,NON_SEARCH_HEALTHY,Monitorar via conversões e ROAS,Campanha DEMAND_GEN_VIDEO: sem restrição identificável. IS de Search não se aplica.
23526897278,demand-gen-youtube-renovadores-b,PAUSED,DEMAND_GEN,DEMAND_GEN_VIDEO,0,0,0.0,0.0,,0.0,0.0,0.0,0.0,0.0,0.0,0.0,0.0,0.0,0.0,NON_SEARCH_HEALTHY,Monitorar via conversões e ROAS,Campanha DEMAND_GEN_VIDEO: sem restrição identificável. IS de Search não se aplica.
23528326013,demand-gen-youtube-body-splash-a,PAUSED,DEMAND_GEN,DEMAND_GEN_VIDEO,0,0,0.0,0.0,,0.0,0.0,0.0,0.0,0.0,0.0,0.0,0.0,0.0,0.0,NON_SEARCH_HEALTHY,Monitorar via conversões e ROAS,Campanha DEMAND_GEN_VIDEO: sem restrição identificável. IS de Search não se aplica.
23528341367,demand-gen-youtube-renovadores-c,PAUSED,DEMAND_GEN,DEMAND_GEN_VIDEO,0,0,0.0,0.0,,0.0,0.0,0.0,0.0,0.0,0.0,0.0,0.0,0.0,0.0,NON_SEARCH_HEALTHY,Monitorar via conversões e ROAS,Campanha DEMAND_GEN_VIDEO: sem restrição identificável. IS de Search não se aplica.
23533017961,demand-gen-youtube-body-splash-b,PAUSED,DEMAND_GEN,DEMAND_GEN_VIDEO,0,0,0.0,0.0,,0.0,0.0,0.0,0.0,0.0,0.0,0.0,0.0,0.0,0.0,NON_SEARCH_HEALTHY,Monitorar via conversões e ROAS,Campanha DEMAND_GEN_VIDEO: sem restrição identificável. IS de Search não se aplica.
23533017964,demand-gen-youtube-body-splash-c,PAUSED,DEMAND_GEN,DEMAND_GEN_VIDEO,0,0,0.0,0.0,,0.0,0.0,0.0,0.0,0.0,0.0,0.0,0.0,0.0,0.0,NON_SEARCH_HEALTHY,Monitorar via conversões e ROAS,Campanha DEMAND_GEN_VIDEO: sem restrição identificável. IS de Search não se aplica.
23533027357,demand-gen-youtube-gota-colageno,PAUSED,DEMAND_GEN,DEMAND_GEN_VIDEO,0,0,0.0,0.0,,0.0,0.0,0.0,0.0,0.0,0.0,0.0,0.0,0.0,0.0,NON_SEARCH_HEALTHY,Monitorar via conversões e ROAS,Campanha DEMAND_GEN_VIDEO: sem restrição identificável. IS de Search não se aplica.
23573748705,demand-gen-youtube-kit-gueixas,PAUSED,DEMAND_GEN,DEMAND_GEN_VIDEO,0,0,0.0,0.0,,0.0,0.0,0.0,0.0,0.0,0.0,0.0,0.0,0.0,0.0,NON_SEARCH_HEALTHY,Monitorar via conversões e ROAS,Campanha DEMAND_GEN_VIDEO: sem restrição identificável. IS de Search não se aplica.
23579099165,demand-gen-youtube-gota-colageno-a,PAUSED,DEMAND_GEN,DEMAND_GEN_VIDEO,0,0,0.0,0.0,,0.0,0.0,0.0,0.0,0.0,0.0,0.0,0.0,0.0,0.0,NON_SEARCH_HEALTHY,Monitorar via conversões e ROAS,Campanha DEMAND_GEN_VIDEO: sem restrição identificável. IS de Search não se aplica.
23621361747,WG_Pmax | Portfólio Geral,PAUSED,PERFORMANCE_MAX,PMAX,0,0,0.0,0.0,,0.0,0.0,0.0,0.0,0.0,0.0,0.0,0.0,0.0,0.0,NON_SEARCH_HEALTHY,Monitorar via conversões e ROAS,Campanha PMAX: sem restrição identificável. IS de Search não se aplica.
